customer_id,transaction_id,transaction_date,revenue,country,acquisition_channel
C001,T0001,2024-01-03,25.67,US,Organic
C038,T0002,2024-01-17,41.3,CA,Social
C075,T0003,2024-01-31,67.3,GB,Paid Search
C032,T0004,2024-02-14,89.68,DE,Email
C069,T0005,2024-02-28,118.84,AU,Referral
C026,T0006,2024-03-13,141.12,US,Organic
C063,T0007,2024-03-27,166.71,CA,Social
C020,T0008,2024-03-20,180.04,GB,Paid Search
C057,T0009,2024-04-03,37.06,DE,Email
C014,T0010,2024-04-17,55.36,AU,Referral
C051,T0011,2024-05-01,80.62,US,Organic
C008,T0012,2024-05-15,107.06,CA,Social
C045,T0013,2024-05-29,124.32,GB,Paid Search
C002,T0014,2024-06-12,149.39,DE,Email
C039,T0015,2024-06-05,177.8,AU,Referral
C076,T0016,2024-06-19,29.54,US,Organic
C033,T0017,2024-07-03,48.65,CA,Social
C070,T0018,2024-07-17,76.07,GB,Paid Search
C027,T0019,2024-07-31,101.71,DE,Email
C064,T0020,2024-08-14,115.08,AU,Referral
C021,T0021,2024-08-28,147.67,US,Organic
C058,T0022,2024-08-21,169.38,CA,Social
C015,T0023,2024-09-04,188.08,GB,Paid Search
C052,T0024,2024-09-18,38.87,DE,Email
C009,T0025,2024-10-02,71.49,AU,Referral
C046,T0026,2024-10-16,87.04,US,Organic
C003,T0027,2024-10-30,107.11,CA,Social
C040,T0028,2024-11-13,130.16,GB,Paid Search
C077,T0029,2024-11-06,162.17,DE,Email
C034,T0030,2024-11-20,182.24,AU,Referral
C071,T0031,2024-12-04,37.69,US,Organic
C028,T0032,2024-12-18,59.76,CA,Social
C065,T0033,2024-01-07,80.43,GB,Paid Search
C022,T0034,2024-01-21,108.68,DE,Email
C059,T0035,2024-02-04,124.54,AU,Referral
C016,T0036,2024-01-28,149.62,US,Organic
C053,T0037,2024-02-11,175.95,CA,Social
C010,T0038,2024-02-25,26.42,GB,Paid Search
C047,T0039,2024-03-10,52.34,DE,Email
C004,T0040,2024-03-24,71.93,AU,Referral
C041,T0041,2024-04-07,96.45,US,Organic
C078,T0042,2024-04-21,111.55,CA,Social
C035,T0043,2024-04-14,136.73,GB,Paid Search
C072,T0044,2024-04-28,160.47,DE,Email
C029,T0045,2024-05-12,180.96,AU,Referral
C066,T0046,2024-05-26,35.79,US,Organic
C023,T0047,2024-06-09,57.21,CA,Social
C060,T0048,2024-06-23,82.34,GB,Paid Search
C017,T0049,2024-07-07,109.63,DE,Email
C054,T0050,2024-06-30,129.38,AU,Referral
C011,T0051,2024-07-14,152.44,US,Organic
C048,T0052,2024-07-28,173.51,CA,Social
C005,T0053,2024-08-11,27.2,GB,Paid Search
C042,T0054,2024-08-25,58.24,DE,Email
C079,T0055,2024-09-08,77.78,AU,Referral
C036,T0056,2024-09-22,100.31,US,Organic
C073,T0057,2024-09-15,118.05,CA,Social
C030,T0058,2024-09-29,147.75,GB,Paid Search
C067,T0059,2024-10-13,163.96,DE,Email
C024,T0060,2024-10-27,189.55,AU,Referral
C061,T0061,2024-11-10,49.87,US,Organic
C018,T0062,2024-11-24,68.68,CA,Social
C055,T0063,2024-12-08,90.68,GB,Paid Search
C012,T0064,2024-12-01,115.22,DE,Email
C049,T0065,2024-12-15,140.11,AU,Referral
C006,T0066,2024-01-04,162.31,US,Organic
C043,T0067,2024-01-18,178.75,CA,Social
C080,T0068,2024-02-01,29.39,GB,Paid Search
C037,T0069,2024-02-15,55.79,DE,Email
C074,T0070,2024-02-29,78.21,AU,Referral
C031,T0071,2024-02-22,100.53,US,Organic
C068,T0072,2024-03-07,132.31,CA,Social
C025,T0073,2024-03-21,154.52,GB,Paid Search
C062,T0074,2024-04-04,170.78,DE,Email
C019,T0075,2024-04-18,27.87,AU,Referral
C056,T0076,2024-05-02,47.75,US,Organic
C013,T0077,2024-05-16,76.97,CA,Social
C050,T0078,2024-05-09,94.51,GB,Paid Search
C007,T0079,2024-05-23,115.18,DE,Email
C044,T0080,2024-06-06,137.96,AU,Referral
C001,T0081,2024-06-20,164.74,US,Organic
C038,T0082,2024-07-04,184.15,CA,Social
C075,T0083,2024-07-18,41.02,GB,Paid Search
C032,T0084,2024-08-01,67.77,DE,Email
C069,T0085,2024-07-25,84.79,AU,Referral
C026,T0086,2024-08-08,105.63,US,Organic
C063,T0087,2024-08-22,137.97,CA,Social
C020,T0088,2024-09-05,155.11,GB,Paid Search
C057,T0089,2024-09-19,173.09,DE,Email
C014,T0090,2024-10-03,25.57,AU,Referral
C051,T0091,2024-10-17,49.32,US,Organic
C008,T0092,2024-10-10,78.53,CA,Social
C045,T0093,2024-10-24,103.5,GB,Paid Search
C002,T0094,2024-11-07,122.07,DE,Email
C039,T0095,2024-11-21,140.76,AU,Referral
C076,T0096,2024-12-05,167.58,US,Organic
C033,T0097,2024-12-19,197.95,CA,Social
C070,T0098,2024-01-08,45.35,GB,Paid Search
C027,T0099,2024-12-26,73.65,DE,Email
C064,T0100,2024-01-15,95.33,AU,Referral
C021,T0101,2024-01-29,108.14,US,Organic
C058,T0102,2024-02-12,139.65,CA,Social
C015,T0103,2024-02-26,162.18,GB,Paid Search
C052,T0104,2024-03-11,183.44,DE,Email
C009,T0105,2024-03-25,33.2,AU,Referral
C046,T0106,2024-03-18,60.69,US,Organic
C003,T0107,2024-04-01,77.34,CA,Social
C040,T0108,2024-04-15,104.22,GB,Paid Search
C077,T0109,2024-04-29,127.44,DE,Email
C034,T0110,2024-05-13,156.45,AU,Referral
C071,T0111,2024-05-27,178.51,US,Organic
C028,T0112,2024-06-10,24.16,CA,Social
C065,T0113,2024-06-03,50.01,GB,Paid Search
C022,T0114,2024-06-17,69.14,DE,Email
C059,T0115,2024-07-01,100.95,AU,Referral
C016,T0116,2024-07-15,123.45,US,Organic
C053,T0117,2024-07-29,139.58,CA,Social
C010,T0118,2024-08-12,166.67,GB,Paid Search
C047,T0119,2024-08-26,189.31,DE,Email
C004,T0120,2024-08-19,36.83,AU,Referral
C041,T0121,2024-09-02,67.15,US,Organic
C078,T0122,2024-09-16,87.47,CA,Social
C035,T0123,2024-09-30,113.34,GB,Paid Search
C072,T0124,2024-10-14,133.36,DE,Email
C029,T0125,2024-10-28,150.01,AU,Referral
C066,T0126,2024-11-11,176.89,US,Organic
C023,T0127,2024-11-04,26.23,CA,Social
C060,T0128,2024-11-18,60.15,GB,Paid Search
C017,T0129,2024-12-02,82.54,DE,Email
C054,T0130,2024-12-16,104.98,AU,Referral
C011,T0131,2024-01-05,121.69,US,Organic
C048,T0132,2024-01-19,141.7,CA,Social
C005,T0133,2024-02-02,174.54,GB,Paid Search
C042,T0134,2024-01-26,198.36,DE,Email
C079,T0135,2024-02-09,41.03,AU,Referral
C036,T0136,2024-02-23,68.83,US,Organic
C073,T0137,2024-03-08,86.83,CA,Social
C030,T0138,2024-03-22,118.13,GB,Paid Search
C067,T0139,2024-04-05,141.19,DE,Email
C024,T0140,2024-04-19,156.54,AU,Referral
C061,T0141,2024-04-12,183.7,US,Organic
C018,T0142,2024-04-26,37.6,CA,Social
C055,T0143,2024-05-10,57.18,GB,Paid Search
C012,T0144,2024-05-24,87.47,DE,Email
C049,T0145,2024-06-07,105.08,AU,Referral
C006,T0146,2024-06-21,125.54,US,Organic
C043,T0147,2024-07-05,152.47,CA,Social
C080,T0148,2024-06-28,177.76,GB,Paid Search
C037,T0149,2024-07-12,24.41,DE,Email
C074,T0150,2024-07-26,48.74,AU,Referral
